source_text,target_text,source_lang,target_lang,origin
Il sistema ROKA-RUBO consiste in un grande numero di varianti per quasi tutti i tipi di impiego.,The ROKA-RUBO system consists of a large number of variants for almost all types of application.,ita_Latn,eng_Latn,pdf_mining
Il sistema ROKA-RUBO consiste in un grande numero di varianti per quasi tutti i tipi di impiego.,Le système ROKA-RUBO est constitué d'une grande variété de variantes pour presque tous types d'application.,ita_Latn,fra_Latn,pdf_mining
Il sistema ROKA-RUBO consiste in un grande numero di varianti per quasi tutti i tipi di impiego.,El sistema ROKA-RUBO se compone de una gran variedad de variantes para casi todos tipos de aplicación.,ita_Latn,spa_Latn,pdf_mining
Grazie alla sua perfetta prestazione isolante soddisfa tutte le esigenze secondo il regolamento sul consumo energetico (EnEV) e per questo è molto adatto all’utilizzo in case a bass consumo di energia.,"""Thanks to its perfect insulating performance, it meets all the requirements according to the ENEV energy consumption regulation and is therefore very suitable for use in energy-efficient buildings.""",ita_Latn,eng_Latn,pdf_mining
Grazie alla sua perfetta prestazione isolante soddisfa tutte le esigenze secondo il regolamento sul consumo energetico (EnEV) e per questo è molto adatto all’utilizzo in case a bass consumo di energia.,"""Grâce à sa parfaite performance isolante, elle répond à tous les exigences du règlement ENEV sur la consommation d'énergie et est donc très adaptée à l'utilisation dans des bâtiments à faible consommation d'énergie.""",ita_Latn,fra_Latn,pdf_mining
Grazie alla sua perfetta prestazione isolante soddisfa tutte le esigenze secondo il regolamento sul consumo energetico (EnEV) e per questo è molto adatto all’utilizzo in case a bass consumo di energia.,"""Gracias a su perfecta actuación isolante, satisface todas las exigencias según el reglamento ENEV sobre el consumo energético y por ello es muy adecuado para su uso en edificios de baja consumo de energía.""",ita_Latn,spa_Latn,pdf_mining
I prospetti interni del progetto di costruzione vengono adattati alla variazione maggiore corrispondente (arco interno).,"""The internal perspectives of the construction project are adapted to the corresponding major variation (arch internal).""",ita_Latn,eng_Latn,pdf_mining
Grazie al suo architrave integrato rende il montaggio semplice e diminuisce i costosi lavori di casseratura di un architrave.,"""Thanks to its integrated architrave, the installation is simple and reduces the costly works of dismantling an architrave.""",ita_Latn,eng_Latn,pdf_mining
Grazie al suo architrave integrato rende il montaggio semplice e diminuisce i costosi lavori di casseratura di un architrave.,"""Grâce à son architrave intégré, l'installation est simple et réduit les travaux coûteux de démontage d'un architrave.""",ita_Latn,fra_Latn,pdf_mining
Grazie al suo architrave integrato rende il montaggio semplice e diminuisce i costosi lavori di casseratura di un architrave.,"""Gracias a su arquitrave integrado, la instalación es sencilla y reduce los trabajos desmontajes costosos de un arquitrave.""",ita_Latn,spa_Latn,pdf_mining
"ROKA-RUBO è adatto a ogni muratura e disponibile nelle forme classiche ad arco rotondo, ribassato, doppio oppure di segmento.","ROKA-RUBO is suitable for any masonry and available in the classic round-arch, recessed, double, or segmented forms.",ita_Latn,eng_Latn,pdf_mining
"ROKA-RUBO è adatto a ogni muratura e disponibile nelle forme classiche ad arco rotondo, ribassato, doppio oppure di segmento.","Le ROKA-RUBO est adapté à toute maçonnerie et disponible dans les formes classiques à arc en plein-cintre, creuse, double ou segmentées.",ita_Latn,fra_Latn,pdf_mining
"ROKA-RUBO è adatto a ogni muratura e disponibile nelle forme classiche ad arco rotondo, ribassato, doppio oppure di segmento.","El ROKA-RUBO es adecuado para cualquier mampostería y disponible en las formas clásicas de arco redondo, hundido, doble o segmentado.",ita_Latn,spa_Latn,pdf_mining
"Misura 1 Arco tondo: misura libera costruzione – 3 cm (larghezza) – 1,5 cm (altezza) = misura arco esterno arco ribassato: Misura libera costruzione – 1,5 cm (altezza) = misura arco esterno Misura 2 Misura libera costruzione = misura arco centrale Misura 3 Misura libera costruzione + 2 x 12,5 cm (imbotte muratura) = misura finita del cassonetto Rilevazione delle misure dell’arco tondo e ribassato.",Measurement 1 of the rounded arch: free construction measurement – 3 cm (width) – 1.5 cm (height) = measurement of the external arch of the sunken arch: free construction measurement – 1.5 cm (height) = measurement of the external arch. Measurement 2: free construction measurement = measurement of the central arch. Measurement 3: free construction measurement + 2 x 12.5 cm (masonry thickness) = finished measurement of the cabinet. Measuring the dimensions of the rounded and sunken arch.,ita_Latn,eng_Latn,pdf_mining
"Misura 1 Arco tondo: misura libera costruzione – 3 cm (larghezza) – 1,5 cm (altezza) = misura arco esterno arco ribassato: Misura libera costruzione – 1,5 cm (altezza) = misura arco esterno Misura 2 Misura libera costruzione = misura arco centrale Misura 3 Misura libera costruzione + 2 x 12,5 cm (imbotte muratura) = misura finita del cassonetto Rilevazione delle misure dell’arco tondo e ribassato.","Mesure 1 de l'arc en plein sens: mesure libre de construction – 3 cm (largeur) – 1,5 cm (hauteur) = mesure de l'arc externe de l'arc bombé: mesure libre de construction – 1,5 cm (hauteur) =",ita_Latn,fra_Latn,pdf_mining
"Grazie alla superficie predisposta, gli elementi sono facili da intonacare e da integrare alla facciata.","""Thanks to the prepared surface, the elements are easy to plaster and integrate into the facade.""",ita_Latn,eng_Latn,pdf_mining
"Grazie alla superficie predisposta, gli elementi sono facili da intonacare e da integrare alla facciata.","""Grâce à la surface prête, les éléments sont faciles à enduire et à intégrer dans la façade.""",ita_Latn,fra_Latn,pdf_mining
"Grazie alla superficie predisposta, gli elementi sono facili da intonacare e da integrare alla facciata.","""Gracias a la superficie preparada, los elementos son fáciles de encalar y de integrar en la fachada.""",ita_Latn,spa_Latn,pdf_mining
* Copertura solo per ROKA-VARIO-WDVS (VW) * Copertura solo per ROKA-VARIO-WDVS (VW) 10 L’immagine mostra ROKA-OUTSIDE con sistema composito di isolamento termico 11 ROKA-OUTSIDE Possibile per ogni tipo di muratura!,ROKA-OUTSIDE is,ita_Latn,eng_Latn,pdf_mining
* Copertura solo per ROKA-VARIO-WDVS (VW) * Copertura solo per ROKA-VARIO-WDVS (VW) 10 L’immagine mostra ROKA-OUTSIDE con sistema composito di isolamento termico 11 ROKA-OUTSIDE Possibile per ogni tipo di muratura!,Couverture unique pour ROKA-VARIO-WDVS (VW) - L'image montre ROKA-OUTSIDE avec système composite d'isolation thermique,ita_Latn,fra_Latn,pdf_mining
* Copertura solo per ROKA-VARIO-WDVS (VW) * Copertura solo per ROKA-VARIO-WDVS (VW) 10 L’immagine mostra ROKA-OUTSIDE con sistema composito di isolamento termico 11 ROKA-OUTSIDE Possibile per ogni tipo di muratura!,Cubierta solo para ROKA-VARIO-WDVS (VW) - La imagen muestra ROKA-OUTSIDE con sistema compuesto de aislamiento termico,ita_Latn,spa_Latn,pdf_mining
Argomento casa passiva L’eccezionale isolamento del cassonetto ROKA-OUTSIDE lo rende particolarmente adatto al montaggio in case passive.,Subject: Passive House The exceptional insulation of the ROKA-OUTSIDE cabinet makes it particularly suitable for mounting in a passive house.,ita_Latn,eng_Latn,pdf_mining
Argomento casa passiva L’eccezionale isolamento del cassonetto ROKA-OUTSIDE lo rende particolarmente adatto al montaggio in case passive.,Objet: Maison passive La remarquable isolation du boîtier ROKA-OUTSIDE la rend particulièrement adaptée à l'installation dans une maison passive.,ita_Latn,fra_Latn,pdf_mining
Argomento casa passiva L’eccezionale isolamento del cassonetto ROKA-OUTSIDE lo rende particolarmente adatto al montaggio in case passive.,Tema: Casa pasiva La excepcional aislamiento del gabinete ROKA-OUTSIDE la hace particularmente adecuada para su instalación en una casa pasiva.,ita_Latn,spa_Latn,pdf_mining
ROKA-OUTSIDE è disponibile nelle misure e con una struttura esterna predisposta per l’ottimale adesione dell’intonaco.,The ROKA-OUTSIDE is available in various sizes and with an external structure designed for optimal adhesion of the plaster.,ita_Latn,eng_Latn,pdf_mining
A Larghezza cassonetto (mm) 300 fino a 345 fino a 365 fino a 425 fino a 500 B Altezza cassonetto (mm) 250 250 250 250 250 C Larghezza vano avvolgibile (mm) 180 180 180 180 180 D Blocco isolante interno (mm) 93 fino a 138 fino a 158 fino a 218 fino a 293 Ideale per case passive e a basso consumo energetico ROKA-OUTSIDE ROKA-OUTSIDE è il professionista dell’isolamento termico di Beck+Heun.,"""Width of the cabinet (mm): 300 to 345, 365 to 425, 500",ita_Latn,eng_Latn,pdf_mining
A Larghezza cassonetto (mm) 300 fino a 345 fino a 365 fino a 425 fino a 500 B Altezza cassonetto (mm) 250 250 250 250 250 C Larghezza vano avvolgibile (mm) 180 180 180 180 180 D Blocco isolante interno (mm) 93 fino a 138 fino a 158 fino a 218 fino a 293 Ideale per case passive e a basso consumo energetico ROKA-OUTSIDE ROKA-OUTSIDE è il professionista dell’isolamento termico di Beck+Heun.,"""Largeur du cabinet (mm) : 300 à 345, 365 à 42",ita_Latn,fra_Latn,pdf_mining
"5 1 Isolamento termico del cassonetto dell’avvolgibile - conforme al DIN 4108 foglio allegato 2:2006-03 2 Margine isolato e zona di appoggio Resistenza termica R > 0,55 m2K/W e dissociazione acustica dalla muratura 3 Raccordo telaio completamente isolato (solo per ROKA-THERM-RG) 4 Sistema di guide avvolgibili in due parti, apertura di montaggio 80 mm, colore a scelta adeguato all’installazione 5 Profilo di rinforzo per fissaggio finestra A scelta, disponibile con rinforzo 6 Profilo avvolgibile oppure zanzariera Il profilo in alluminio chiude la fenditura tra tapparella e traverso della finestra: Applicabile a richiesta nel medesimo vano anche la zanzariera 1 2 3 4 5 6 L’immagine mostra ROKA-THERM-RG in muratura monolitica 6 L’affidabile modello di base ROKA-THERM L’affidabile modello di base ROKA-THERM convince non solo per la sua forma sicura e stabile.",1. Thermal insulation of the ROKA-THERM-RG cabinet - in accordance with DIN 4108 leaf attached 2006-03-02,ita_Latn,eng_Latn,pdf_mining
"5 1 Isolamento termico del cassonetto dell’avvolgibile - conforme al DIN 4108 foglio allegato 2:2006-03 2 Margine isolato e zona di appoggio Resistenza termica R > 0,55 m2K/W e dissociazione acustica dalla muratura 3 Raccordo telaio completamente isolato (solo per ROKA-THERM-RG) 4 Sistema di guide avvolgibili in due parti, apertura di montaggio 80 mm, colore a scelta adeguato all’installazione 5 Profilo di rinforzo per fissaggio finestra A scelta, disponibile con rinforzo 6 Profilo avvolgibile oppure zanzariera Il profilo in alluminio chiude la fenditura tra tapparella e traverso della finestra: Applicabile a richiesta nel medesimo vano anche la zanzariera 1 2 3 4 5 6 L’immagine mostra ROKA-THERM-RG in muratura monolitica 6 L’affidabile modello di base ROKA-THERM L’affidabile modello di base ROKA-THERM convince non solo per la sua forma sicura e stabile.",,ita_Latn,fra_Latn,pdf_mining
Lunghezza cassonetto: misura libera Sistema STANDARD Senza sporgenza laterale e senza arretramento.,"Length of the cabinet: free measurement, STANDARD SYSTEM, without lateral projection and without rear overhang.",ita_Latn,eng_Latn,pdf_mining
Lunghezza cassonetto: misura libera Sistema STANDARD Senza sporgenza laterale e senza arretramento.,"Longueur du cabinet : mesure libre, Système STANDARD, sans surplomb latéral et sans retrait arrière.",ita_Latn,fra_Latn,pdf_mining
Lunghezza cassonetto: misura libera Sistema STANDARD Senza sporgenza laterale e senza arretramento.,"Longitud del gabinete: medida libre, Sistema STANDARD, sin sobrante lateral y sin retracción posterior.",ita_Latn,spa_Latn,pdf_mining
"Nei cassonetti moderni, l’espressione “efficienza energetica” ha un significato determinante.","In modern cabinets, the term ""energy efficiency"" has a determinant meaning.",ita_Latn,eng_Latn,pdf_mining
È inoltre possibile avere il sistema completo di isolamento termico come elemento autoportante con inserto Platinum.,It is also possible to have a complete thermal insulation system as a self-supporting element with a Platinum insert.,ita_Latn,eng_Latn,pdf_mining
"I valori dei ponti termici (ψ Psi) fino a 0,02 W/(mK), semplificano enormemente la progettazione con cassonetti in una casa passiva.","""The thermal bridge values (ψ) up to 0.02 W/(mK) significantly simplify the design with thermal flanges in a passive house.""",ita_Latn,eng_Latn,pdf_mining
"I valori dei ponti termici (ψ Psi) fino a 0,02 W/(mK), semplificano enormemente la progettazione con cassonetti in una casa passiva.","""Les valeurs des ponts thermiques (ψ) jusqu'à 0,02 W/(mK) simplifient enormément le design avec des boites noires dans une maison passive.""",ita_Latn,fra_Latn,pdf_mining
"I valori dei ponti termici (ψ Psi) fino a 0,02 W/(mK), semplificano enormemente la progettazione con cassonetti in una casa passiva.","""Los valores de los puentes termales (ψ) hasta 0,02 W/(mK) simplifican significantemente el diseño con termoplanchas en una casa pasiva.""",ita_Latn,spa_Latn,pdf_mining
"Profilo di rinforzo Lo speciale profilo di rinforzo in PVC è integrato di serie nei cunei isolanti dei nostri cassonetti per avvolgibili (RG) chiusi su lato ambiente e, a richiesta, può essere equipag- giato di gabbia in acciaio.","The special PVC reinforcing profile is integrated by default in the insulating caskets of our wrappable tanks (RG) with an environmental side, and upon request, can be equipped with a steel cage.",ita_Latn,eng_Latn,pdf_mining
"Profilo di rinforzo Lo speciale profilo di rinforzo in PVC è integrato di serie nei cunei isolanti dei nostri cassonetti per avvolgibili (RG) chiusi su lato ambiente e, a richiesta, può essere equipag- giato di gabbia in acciaio.","Le profile de renforcement spécial en PVC est intégré par défaut dans les réservoirs isolants de nos bacs pliables (RG) à côté environnement et, à la demande, peut être équipé d'une cage en acier.",ita_Latn,fra_Latn,pdf_mining
"Profilo di rinforzo Lo speciale profilo di rinforzo in PVC è integrato di serie nei cunei isolanti dei nostri cassonetti per avvolgibili (RG) chiusi su lato ambiente e, a richiesta, può essere equipag- giato di gabbia in acciaio.","El perfil de refuerzo especial en PVC está integrado por defecto en los depósitos aislados de nuestros tanques pliegables (RG) en el lado ambiente, y a petición, puede ser equipado con una jaula de acero.",ita_Latn,spa_Latn,pdf_mining
"I prodotti elencati possono quindi essere usati nella verifica forfettaria dei ponti termici secondo il regola- mento sul risparmio energetico EnEV 2009 ΔUWB = 0,05 W/(m²K) alternativamente con corrispondente foglio allegato 2 della direttiva.","The listed products can therefore be used in the thermal bridge check of bridges according to the EnEV 2009 regulation, alternatively with the corresponding attached leaflet 2 of the directive.",ita_Latn,eng_Latn,pdf_mining
"I prodotti elencati possono quindi essere usati nella verifica forfettaria dei ponti termici secondo il regola- mento sul risparmio energetico EnEV 2009 ΔUWB = 0,05 W/(m²K) alternativamente con corrispondente foglio allegato 2 della direttiva.","Les produits répertoriés peuvent donc être utilisés dans la vérification des ponts thermiques des ponts thermiques en application de la règle EnEV 2009, alternativement avec le feuille jointe n°2 de la directive.",ita_Latn,fra_Latn,pdf_mining
"I prodotti elencati possono quindi essere usati nella verifica forfettaria dei ponti termici secondo il regola- mento sul risparmio energetico EnEV 2009 ΔUWB = 0,05 W/(m²K) alternativamente con corrispondente foglio allegato 2 della direttiva.","Los productos enumerados pueden, por lo tanto, ser utilizados en la verificación de puentes termales de puentes termales en virtud de la norma EnEV 2009, alternativamente con el hoja adjunta N.º 2 de la directiva.",ita_Latn,spa_Latn,pdf_mining
"Naturalmente, i suoi desideri rispetto ai colori RAL e alle guide non rappresentano alcun problema.","""Naturally, his wishes regarding RAL colors and guides pose no problem.""",ita_Latn,eng_Latn,pdf_mining
"Naturalmente possiamo fornire l’accessorio, fin dove tecnica- mente possibile, anche montato nei nostri cassonetti.","Naturally, we can provide the accessory, as far as technically possible, even mounted in our tanks.",ita_Latn,eng_Latn,pdf_mining
"L’immagine mostra ROKA-H con cassaforma esterna maggiorata (opzionale) 13 ROKA-H Ispezione dall’interno ROKA-H-RG Chiuso su lato ambiente ROKA-H ROKA-H 30 ROKA-H 36,5 A Larghezza cassonetto (mm) 300 365 B Altezza cassonetto (mm) 250 250 C Spessore lato interno (mm) 40 70 D Larghezza libera (mm) 233 268 E Altezza libera (mm) 192 192 F Vano avvolgibile (mm) 190 190 G Altezza interna cassaforma (mm) 125* 125* H Altezza esterna cassaforma (mm) 125* 125* ROKA-H-PLATINUM® Standard: rifinitura PLATINUM® con inserimento lamiera profilata in acciaio Sistema PERFEKT Con sporgenza laterale della cassaforma e testate laterali arretrate dalla zona di appoggio.",The image shows ROKA-H with an optional external enlarged cabinet (13 ROKA-H Inspection) ROKA-H-RG Closed on environmental side ROKA-H ROKA-H 30 ROKA-H 36.5 A Width of cabinet (mm) 300 365 B Height of cabinet (mm) 250 250 C Inner wall thickness (mm) 40 70 D Free width (mm) 233 268 E Free height (mm) 192 192 F Wrap-around van (mm) 190 190 G Internal height of cabinet (mm) 125* 125* H External height of cabinet (mm) 125* 125* ROKA-H-PLAT,ita_Latn,eng_Latn,pdf_mining
"Grazie alla schiuma rigida di polistirolo altamente isolante λ= 0,035 W/(mK) – B1 e allo speciale processo di produzione, si raggiunge una qualità eccellente di isolamento e di protezione acustica.","""Thanks to the rigid polystyrene foam insulation λ= 0.035 W/(mK) – B1 and the special production process, excellent insulation and acoustic protection are achieved.""",ita_Latn,eng_Latn,pdf_mining
"Grazie alla schiuma rigida di polistirolo altamente isolante λ= 0,035 W/(mK) – B1 e allo speciale processo di produzione, si raggiunge una qualità eccellente di isolamento e di protezione acustica.","""Grâce à l'isolation en mousse rigide de polystyrene λ = 0,035 W/(mK) – B1 et au procédé de production spécial, une excellente qualité d'isolation et de protection acoustique est atteinte.""",ita_Latn,fra_Latn,pdf_mining
"Grazie alla schiuma rigida di polistirolo altamente isolante λ= 0,035 W/(mK) – B1 e allo speciale processo di produzione, si raggiunge una qualità eccellente di isolamento e di protezione acustica.","""Gracias a la moussedura rígida de poliestireno λ = 0,035 W/(mK) – B1 y al proceso de producción especial, se logra una excelente calidad de aislamiento y protección acústica.""",ita_Latn,spa_Latn,pdf_mining
Qui può scegliere la guida adatta.,Who can choose the suitable guide.,ita_Latn,eng_Latn,pdf_mining
"Con i futuristici cassonetti di Beck+Heun, è possibile colmare tutte queste esigenze nella migliore qualità del Made in Germany.","""With Beck+Heun's futuristic cabinets, all these needs can be met in the best quality of 'Made in Germany'.""",ita_Latn,eng_Latn,pdf_mining
"Con i futuristici cassonetti di Beck+Heun, è possibile colmare tutte queste esigenze nella migliore qualità del Made in Germany.","""Avec les cabinets futuristes de Beck+Heun, il est possible de répondre à toutes ces exigences dans la meilleure qualité du 'Fabriqué en Allemagne'.""",ita_Latn,fra_Latn,pdf_mining
"Con i futuristici cassonetti di Beck+Heun, è possibile colmare tutte queste esigenze nella migliore qualità del Made in Germany.","""Con los modernos estantes de Beck+Heun, se pueden satisfacer todas estas necesidades en la mejor calidad de 'Hecho en Alemania'.""",ita_Latn,spa_Latn,pdf_mining
Alta efficienza energetica I cassonetti per avvolgibili di Beck+Heun rispet- tano le caratteristiche dei ponti termici secondo il DIN 4108 - foglio allegato 2:2006-03.,"""Beck+Heun's wrap-around tanks have high energy efficiency, complying with the thermal bridge characteristics as per DIN 4108 - sheet 2006-03.""",ita_Latn,eng_Latn,pdf_mining
Alta efficienza energetica I cassonetti per avvolgibili di Beck+Heun rispet- tano le caratteristiche dei ponti termici secondo il DIN 4108 - foglio allegato 2:2006-03.,"""Les réservoirs tournants Beck+Heun ont une haute efficacité énergétique et respectent les caractéristiques des ponts thermiques conformément à DIN 4108 - feuille annexée 2006-03.""",ita_Latn,fra_Latn,pdf_mining
Alta efficienza energetica I cassonetti per avvolgibili di Beck+Heun rispet- tano le caratteristiche dei ponti termici secondo il DIN 4108 - foglio allegato 2:2006-03.,"""Las tanqueras giratorias de Beck+Heun tienen alta eficiencia energética y respetan las características de los puentes termales según DIN 4108 - hoja adjunta 2006-03.""",ita_Latn,spa_Latn,pdf_mining
"Lunghezza cassonetto: misura libera + 22 cm di rivestimento cassonetto (11 cm per lato) + 36 cm di rivestimento architrave (18 cm per lato) + Rivestimento cassonetto da 22 cm (11 cm per lato) 27 D C A 27 E 31 B G ø F 35 35/50** H ROKA-H-RG ROKA-H-RG 30 ROKA-H-RG 36,5 A Larghezza cassonetto (mm) 300 365 B Altezza cassonetto (mm) 250 250 C Spessore lato interno (mm) 40 70 D Dämmkeil Breite (mm) 153 188 E Altezza libera (mm) 198 198 F Vano avvolgibile (mm) 190 190 G Altezza interna cassaforma (mm) 125* 125* H Altezza esterna cassaforma (mm) 125* 125* ROKA-H-RG-PLATINUM® Standard: rifinitura PLATINUM® con inserimento lamiera profilata in acciaio 27 D C A 80 27 E G B 25 ø F 35 35/50** H Attenzione: tutte le misure sono approssimative e sono soggette a tolleranza; i materiali naturali e i prodotti in polistirolo presentano per questo un diverso grado di raffreddamento e indurimento.",Length of cabinet: free measurement + 22 cm for cabinet trimming (11 cm per side) + 36 cm for architrave trimming (18 cm per side) + 22 cm for cabinet trimming (11 cm per side) 27 D C A 27 E 31 B G ø F 35 35/50** H ROKA-H-RG ROKA-H-RG 30 ROKA-H-RG 36.5 A Width of cabinet (mm) 300 365 B Height of cabinet (mm) 250 250 C Thickness of inner wall (mm) 40 70 D Thickness of insulation (mm) 153 188 E Height of free space (mm) 198 198 F,ita_Latn,eng_Latn,pdf_mining
"Appoggio sulla muratura Durante la fase di costruzione, i cassonetti per avvolgibili vengono applicati alla muratura facilmente e velocemente.","""During the construction phase, the wrap-around boxes are easily and quickly applied to the masonry by supporting on it.""",ita_Latn,eng_Latn,pdf_mining
"Appoggio sulla muratura Durante la fase di costruzione, i cassonetti per avvolgibili vengono applicati alla muratura facilmente e velocemente.","""Pendant la phase de construction, les boîtes pliables sont facilement et rapidement appliquées sur la muraille en les appuyant dessus.""",ita_Latn,fra_Latn,pdf_mining
"Appoggio sulla muratura Durante la fase di costruzione, i cassonetti per avvolgibili vengono applicati alla muratura facilmente e velocemente.","""Durante la fase de construcción, los contenedores pliegables se aplican fácilmente y rápidamente a la pared, apoyándolos sobre ella.""",ita_Latn,spa_Latn,pdf_mining
"L’appoggio standard su muratura è di 125 mm per lato, oppure più corto su richiesta (esclusa manovra a cinghia).","The standard support on masonry is 125 mm on each side, or shorter upon request (excluding belt drive operation).",ita_Latn,eng_Latn,pdf_mining
A partire dal semplice foro di passaggio della cinghia fino a sistemi di zanzariere di alta qualità.,From a simple belt passage hole up to high-quality zoning systems.,ita_Latn,eng_Latn,pdf_mining
La sezione Accessori è puramente informativa e non presenta la gamma completa degli accessori.,"""The Accessories section is purely informative and does not feature the complete range of accessories.""",ita_Latn,eng_Latn,pdf_mining
La sezione Accessori è puramente informativa e non presenta la gamma completa degli accessori.,"""La section Accessoires est purement informative et ne présente pas l'ensemble complet des accessoires.""",ita_Latn,fra_Latn,pdf_mining
La sezione Accessori è puramente informativa e non presenta la gamma completa degli accessori.,"""La sección de Accesorios es puramente informativa y no presenta el catálogo completo de accesorios.""",ita_Latn,spa_Latn,pdf_mining
ROKA-OUTSIDE in dettaglio Nastro perforato Max.,ROKA-OUTSIDE Detailed Perforated Tape Max.,ita_Latn,eng_Latn,pdf_mining
Verificare con attenzione la brochure separata degli accessori.,Pay close attention to check the separate catalog of accessories.,ita_Latn,eng_Latn,pdf_mining
Su richiesta può ottenere maggiori informazioni e valori di prova.,"Upon your request, you can obtain more information and test values.",ita_Latn,eng_Latn,pdf_mining
La zona di appoggio può variare a seconda del tipo di azionamento e di cassonetto.,The support zone can vary depending on the type of actuation and of the container.,ita_Latn,eng_Latn,pdf_mining
"= altezza arco interno Tipo 2 con taglio muratura: Altezza arco centrale + 12,5 cm variazione max.",Height of Type 2 internal arch with masonry cut: Central arch height + 12.5 cm maximum variation.,ita_Latn,eng_Latn,pdf_mining
"= altezza arco interno Tipo 2 con taglio muratura: Altezza arco centrale + 12,5 cm variazione max.","Hauteur de l'arc intérieur Type 2 avec coupe maçonnerie : Hauteur de l'arc central + 12,5 cm de variation maximale.",ita_Latn,fra_Latn,pdf_mining
"= altezza arco interno Tipo 2 con taglio muratura: Altezza arco centrale + 12,5 cm variazione max.","Altura de arco interior Tipo 2 con cortesía de mampostería: Altura del arco central + 12,5 cm de variación máxima.",ita_Latn,spa_Latn,pdf_mining
"Sia come protezione da sguardi curiosi, sia come semplice prote- zione dallo scasso, la lista dei vantaggi è lunga.","""Whether as protection from curious glances or simply as protection from damage, the list of advantages is long.""",ita_Latn,eng_Latn,pdf_mining
"Sia come protezione da sguardi curiosi, sia come semplice prote- zione dallo scasso, la lista dei vantaggi è lunga.","""Mais soit comme protection contre les regards curieux, soit simplement comme protection contre les chocs, la liste des avantages est longue.""",ita_Latn,fra_Latn,pdf_mining
"Sia come protezione da sguardi curiosi, sia come semplice prote- zione dallo scasso, la lista dei vantaggi è lunga.","""Puede ser protección contra miradas curiosas, o simplemente protección contra el daño, la lista de ventajas es larga.""",ita_Latn,spa_Latn,pdf_mining
È possibile ordinare ROKA-VARIO a scelta con una gabbia metallica interna da 3 mm oppure nolla variante Platinum con inserto in speciale lamiera profilata.,It is possible to order ROKA-VARIO with an internal 3 mm metallic cage or the Platinum variant with a special profiled sheet insert.,ita_Latn,eng_Latn,pdf_mining
È possibile ordinare ROKA-VARIO a scelta con una gabbia metallica interna da 3 mm oppure nolla variante Platinum con inserto in speciale lamiera profilata.,Il ROKA-VARIO est disponible avec une cage intérieure en acier de 3 mm ou la version Platinum avec un insert spécifique en lamieré profilé.,ita_Latn,fra_Latn,pdf_mining
È possibile ordinare ROKA-VARIO a scelta con una gabbia metallica interna da 3 mm oppure nolla variante Platinum con inserto in speciale lamiera profilata.,Es puede ordenarse ROKA-VARIO con una jaula interior de acero de 3 mm o con la versión Platinum con un insertar especial en lámina perfilada.,ita_Latn,spa_Latn,pdf_mining
"I valori testati di isolamento acustico, dai 38 ai 50 dB, offrono la soluzione adeguata ad ogni situazione.","The acoustic insulation values, from 38 to 50 dB, provide the suitable solution for every situation.",ita_Latn,eng_Latn,pdf_mining
"I valori testati di isolamento acustico, dai 38 ai 50 dB, offrono la soluzione adeguata ad ogni situazione.","Les valeurs de l'isolation acoustique mesurées, de 38 à 50 dB, offrent la solution adaptée à chaque situation.",ita_Latn,fra_Latn,pdf_mining
"I valori testati di isolamento acustico, dai 38 ai 50 dB, offrono la soluzione adeguata ad ogni situazione.","Los valores de aislamiento acústico medidos, de 38 a 50 dB, ofrecen la solución adecuada para cada situación.",ita_Latn,spa_Latn,pdf_mining
Tapparella avvolgibile Beck+Heun offre una gamma completa di tapparelle avvolgibili in PVC e alluminio.,Beck+Heun's foldable taps (covering) offers a complete range of foldable PVC and aluminum taps.,ita_Latn,eng_Latn,pdf_mining
Tapparella avvolgibile Beck+Heun offre una gamma completa di tapparelle avvolgibili in PVC e alluminio.,La gamme complète de couvercles pliables en PVC et alliage d'Aluminium de Beck+Heun offre des couvercles pliables.,ita_Latn,fra_Latn,pdf_mining
Tapparella avvolgibile Beck+Heun offre una gamma completa di tapparelle avvolgibili in PVC e alluminio.,La gama completa de tapones pliegables en PVC y aluminio de Beck+Heun ofrece tapones pliegables.,ita_Latn,spa_Latn,pdf_mining
Per la tapparella avvolgibile si deve prevedere uno spazio di avvolgimento sufficiente (aria).,"For the foldable cover, provide sufficient space (air) for wrapping.",ita_Latn,eng_Latn,pdf_mining
"Inoltre, i requisiti del cassonetto vengono adattati a ogni necessità di construzione.","In addition, the requirements of the cabinet are adapted to every construction need.",ita_Latn,eng_Latn,pdf_mining
"Inoltre, i requisiti del cassonetto vengono adattati a ogni necessità di construzione.","En plus, les exigences du boîtier sont adaptées à chaque besoin de construction.",ita_Latn,fra_Latn,pdf_mining
"Inoltre, i requisiti del cassonetto vengono adattati a ogni necessità di construzione.","Además, los requisitos del armario se ajustan a cada necesidad de construcción.",ita_Latn,spa_Latn,pdf_mining
Le misure reali (vano avvolgibile ecc.) sono da verificare.,"""Real measurements (including those that can be wrapped up, etc.) need to be verified.""",ita_Latn,eng_Latn,pdf_mining
"Struttura ROKA-RUBO Materiale EPS 250 – λ = 0,035 W/(mK) – B1 Qualità testata e controllata Cavità riempimento calcestruzzo per ancoraggio architrave in alto Adatto a murature di ogni spessore Parte laterale isolata Profilo raccordo telaio per il fissaggio della finestra nel punto più alto dell’arco Predisposizione per intonaco a spruzzo e profilatura in obliquo per una migliore adesione dell’intonaco Arco esterno fornito di guida raccordo in alluminio (sporgenza 13 mm) e con raggio minore di 1,5 cm rispetto all’arco centrale (solo in archi tondi, funzione di copertura del profilo di chiusura della struttura) L’arco centrale (livello finestra) si trova dietro alla feritoia larga 5 o 11 cm Vano avvolgibile da 17 cm con M. da 24 cm e 21,5 cm con M. da 30/36,5 cm Faccia attenzione alle norme sull’intonaco: DIN 18 550 parte 1: descrizione dell’intonaco e prestazioni richieste DIN 18 550 parte 2: intonaco-intonaci da malte con leganti minerali e preparazione Realizzazione dei telai della finestra L’attacco del telaio della finestra a partire da una larghezza di 1,26 m deve essere generalmente rinforzato nella zona dell’arco.","ROKA-RUBO Structure ⋅ Material: EPS 250 – λ = 0.035 W/(mK) – B1 ⋅ Tested and certified quality ⋅ Concrete-filled cavity for architrave anchoring at the top ⋅ Suitable for walls of any thickness ⋅ Insulated side ⋅ Steel frame connection profile for window fixing at the highest point of the arch ⋅ Preparation for spray rendering and oblique profiling for better adhesion of the rendering ⋅ External arch provided with aluminum guide connection (protrusion 13 mm) and with a smaller radius of 1.5 cm compared to the central arch (only for round arches, function of covering the closure profile of the structure) ⋅ Central arch (window level) located behind a 5 or 11 cm wide opening ⋅ Wrap-around gap of 17 cm with",ita_Latn,eng_Latn,pdf_mining
"= altezza arco interno 16 ROKA-RUBO EXKLUSIV Arco tondo per muratura intonacata ROKA-RUBO EXKLUSIV WDVS Arco tondo per facciata con rivestimento termico a cappotto ROKA-RUBO EXKLUSIV CLINKER Arco tondo per muratura in clinker ROKA-RUBO EXKLUSIV Arco ribassato Arco ribassato per tutte le murature 45 220 90 235 120 355 15 370 220 40 13 70 50 40 Muratura possibile a partire da 240 Altezza arco 125 Misura libera 125 Misura finita 235 120 Altezza arco Altezza complessiva 125 Misura libera 125 Misura finita 230 125 Altezza arco Altezza complessiva 125 125 45 220 90 235 120 355 15 370 220 10 70 50 10 Muratura possibile a partire da 240 Altezza arco 125 Misura libera 125 Misura finita 235 120 Altezza arco Altezza complessiva 125 Misura libera 125 Misura finita 230 125 Altezza arco Altezza complessiva 125 125 45 220 90 235 120 220 70 50 Muratura possibile a partire da 240 Altezza arco 125 Misura libera 125 Misura finita 235 120 Altezza arco Altezza complessiva 125 Misura libera 125 Misura finita 230 125 Altezza arco Altezza complessiva 125 125 45 220 90 235 120 355 15 370 220 40 13 70 50 40 Muratura possibile a partire da 240 Altezza arco 125 Misura libera 125 Misura finita 235 120 Altezza arco Altezza complessiva 125 Misura libera 125 Misura finita 230 125 Altezza arco Altezza complessiva 125 125 Arco tondo o ribassato con 12,5 cm di appoggio muratura per lato Muratura da 24 a 49 cm Con ispezione su lato ambiente Misura bordo superiore dell’arco (arco centrale) fino al bordo superiore 35,5 cm Facciata con rivestimento termico a cappotto (WDVS) con 10 mm di copertura in Phonoterm e profilo di chiusura adattato fino a 100 mm di profondità Muratura in clinker, apertura frontale (arco in clinker meno 1,5 cm) ROKA-RUBO EXKLUSIV 17 45 220 90 235 120 355 15 370 220 40 13 70 110 40 Muratura possibile a partire da 240 125 Misura libera 125 Misura finita 235 120 Altezza arco Altezza arco Altezza complessiva 125 Misura libera 125 Misura finita 230 125 Altezza arco Altezza complessiva 125 125 45 220 90 235 120 355 15 370 220 10 70 110 10 Muratura possibile a partire da 240 125 Misura libera 125 Misura finita 235 120 Altezza arco Altezza arco Altezza complessiva 125 Misura libera 125 Misura finita 230 125 Altezza arco Altezza complessiva 125 125 45 220 90 235 120 220 70 110 Muratura possibile a partire da 240 125 Misura libera 125 Misura finita 235 120 Altezza arco Altezza arco Altezza complessiva 125 Misura libera 125 Misura finita 230 125 Altezza arco Altezza complessiva 125 125 45 220 90 235 120 355 15 370 220 40 13 70 110 40 Muratura possibile a partire da 240 125 Misura libera 125 Misura finita 235 120 Altezza arco Altezza arco Altezza complessiva 125 Misura libera 125 Misura finita 230 125 Altezza arco Altezza complessiva 125 125 ROKA-RUBO EXKLUSIV-RG Arco tondo per muratura intonacata ROKA-RUBO EXKLUSIV WDVS-RG Arco tondo per facciata con rivestimento termico a cappotto ROKA-RUBO EXKLUSIV CLINKER-RG Arco tondo per muratura in clinker ROKA-RUBO EXKLUSIV arco ribassato RG Arco ribassato per tutte le murature Arco tondo o ribassato con 12,5 cm di appoggio muratura per lato Ispezione con vano disponibile pari a 11 cm Muratura da 24 a 49 cm Misura bordo superiore dell’arco (arco centrale) fino al bordo superiore di 35,5 cm Guide di scorrimento e copertura calotta esterna disponibili come accessori in alluminio: naturale, bianco (RAL 9016) o in altri colori RAL Facciata con rivestimento termico a cappotto (WDVS) con 10 mm di copertura in Phonoterm e profilo di chiusura adattato fino a 100 mm di profondità Muratura in clinker, apertura frontale (arco in clinker meno 1,5 cm) ROKA-RUBO EXKLUSIV-RG 18 L’elemento isolante per cassonetti in aggetto ROKA-TWIN Con il sistema ROKA-TWIN Beck+Heun offre un elemento a costruzione leggera ottimale e speciale per tutti i comuni cassonetti per avvolgibili in aggetto.",= Height of internal arch 16 ROKA-RUBO EXCLUSIVE Round arch for intonacated masonry ROKA-RUBO EXCLUSIVE Round arch for facade with thermal insulation WDVS ROKA-RUBO EXCLUSIVE Round arch for masonry in clinker ROKA-RUBO EXCLUSIVE Sunken arch Sunken arch for all masonries 45 220 90 235 120 355 15 370 220 40 13 70 50 40 Masonry possible starting from 240 Height of arch 125 Free width 125 Finished width 235 120 Height of arch Height of overall arch 125 Free width 12,ita_Latn,eng_Latn,pdf_mining
"Tutto ciò di cui ha bisogno il cassonetto di un avvolgibile ACCESSORI Guide I nostri sistemi di guide, alcuni anche brevettati, per i nostri sistemi con profilo di copertura esterno e per i nostri cassonetti per avvolgibili (RG) chiusi su lato ambiente.","""Our roll-up systems require all the following: some accessories for our systems with external covering profiles and for our roll-up boxes (RG) with side environment closure.""",ita_Latn,eng_Latn,pdf_mining
"Tutto ciò di cui ha bisogno il cassonetto di un avvolgibile ACCESSORI Guide I nostri sistemi di guide, alcuni anche brevettati, per i nostri sistemi con profilo di copertura esterno e per i nostri cassonetti per avvolgibili (RG) chiusi su lato ambiente.","""Nos systèmes de roulement exigent tous les accessoires suivants : certains pour nos systèmes à profil de couverture extérieur et pour nos boîtes à roulement (RG) fermées côté environnement.""",ita_Latn,fra_Latn,pdf_mining
"Tutto ciò di cui ha bisogno il cassonetto di un avvolgibile ACCESSORI Guide I nostri sistemi di guide, alcuni anche brevettati, per i nostri sistemi con profilo di copertura esterno e per i nostri cassonetti per avvolgibili (RG) chiusi su lato ambiente.","""Nuestros sistemas de rodillos necesitan todos los siguientes accesorios: algunos para nuestros sistemas con perfil de cubierta exterior y para nuestras cajas de rodillos (RG) cerradas por el lado ambiente.""",ita_Latn,spa_Latn,pdf_mining
"Indipendentemente dalla struttura della facciata o dalla misura della muratura, da noi è possibile trovare il sistema giusto per ogni stile.","Regardless of the facade structure or the thickness of the masonry, we can find the right system for every style.",ita_Latn,eng_Latn,pdf_mining
"Nella variante Platinum, di norma inclusa alla consegna di cassonetti RG, le lamiere profilate in acciaio rinforzano la struttura di base, fornendo una rigidità ancora maggiore.","In the Platinum version, which is usually included in the delivery of RG cabinets, the profiled steel sheets reinforce the basic structure, providing even greater rigidity.",ita_Latn,eng_Latn,pdf_mining
"Nella variante Platinum, di norma inclusa alla consegna di cassonetti RG, le lamiere profilate in acciaio rinforzano la struttura di base, fornendo una rigidità ancora maggiore.","Dans la version Platinum, qui est généralement livrée avec les boîtes RG, les feuilles profilées en acier renforcent la structure de base, offrant une rigidité supplémentaire.",ita_Latn,fra_Latn,pdf_mining
"Nella variante Platinum, di norma inclusa alla consegna di cassonetti RG, le lamiere profilate in acciaio rinforzano la struttura di base, fornendo una rigidità ancora maggiore.","En la versión Platinum, que normalmente se incluye en la entrega de los estantes RG, las hojas perfiladas de acero refuerzan la estructura básica, ofreciendo una rigidez adicional.",ita_Latn,spa_Latn,pdf_mining
Con gli avvolgibili chiusi si determina una protezione acustica aggiuntiva che abbassa considerevol- mente il livello di rumore.,"With the enclosures closed, additional acoustic protection is determined, significantly reducing the noise level.",ita_Latn,eng_Latn,pdf_mining
Con gli avvolgibili chiusi si determina una protezione acustica aggiuntiva che abbassa considerevol- mente il livello di rumore.,"Avec les enclosures fermées, une protection acoustique supplémentaire est déterminée, réduisant considérablement le niveau de bruit.",ita_Latn,fra_Latn,pdf_mining
Con gli avvolgibili chiusi si determina una protezione acustica aggiuntiva che abbassa considerevol- mente il livello di rumore.,"Con las recubridas cerradas, se determina una protección acustica adicional que reduce considerablemente el nivel de ruido.",ita_Latn,spa_Latn,pdf_mining
I sistemi di Beck+Heun si integrano completamente alla facciata.,The Beck+Heun systems integrate completely with the facade.,ita_Latn,eng_Latn,pdf_mining
I sistemi di Beck+Heun si integrano completamente alla facciata.,Les systèmes Beck+Heun s'intègrent totalement à la façade.,ita_Latn,fra_Latn,pdf_mining
I sistemi di Beck+Heun si integrano completamente alla facciata.,Los sistemas Beck+Heun se integran completamente en la fachada.,ita_Latn,spa_Latn,pdf_mining
"ROKA-H è adatto alle murature di ogni misura, in particolare a quelle in calcestruzzo poroso.","ROKA-H is suitable for walls of any size, particularly those made of porous concrete.",ita_Latn,eng_Latn,pdf_mining
Guida di scorrimento Isolamento spalletta Profilo di raccordo spalletta Outside con isolamento spalletta bordo isolato Variante A Profilo di raccordo spalletta standard= 5 cm per circa 3 cm di isolamento Guida di scorrimento Profilo di raccordo spalletta Outside con isolamento spalletta bordo isolato Variante B Isolamento variabile fino a 10 cm D C 33 A innen außen 13 34 216 B 12 Il sistema intelligente con cassaforma integrata ROKA-H ROKA-H trova il suo utilizzo migliore presso costruttori autonomi e professionisti.,"""Isolation profile for backstop Guiding profile for backstop Outside isolation of backstop border Variant A: Standard backstop connection profile = 5 cm for about 3 cm of isolation Guiding profile for backstop Outside isolation of backstop border Variant B: Variable insulation up to 10 cm D C 33 A inward 13 34 216 B 12 The intelligent system with integrated formwork ROKA-H ROKA-H finds its best use with independent and professional constructors.""",ita_Latn,eng_Latn,pdf_mining
Guida di scorrimento Isolamento spalletta Profilo di raccordo spalletta Outside con isolamento spalletta bordo isolato Variante A Profilo di raccordo spalletta standard= 5 cm per circa 3 cm di isolamento Guida di scorrimento Profilo di raccordo spalletta Outside con isolamento spalletta bordo isolato Variante B Isolamento variabile fino a 10 cm D C 33 A innen außen 13 34 216 B 12 Il sistema intelligente con cassaforma integrata ROKA-H ROKA-H trova il suo utilizzo migliore presso costruttori autonomi e professionisti.,"""Profil de dissipation d'isolation Socle d'accrochage Guidage de profil d'isolation extérieur Isolation extérieure du bord de profil d'isolation Variante A: Profil de connexion de profil d'isolation standard = 5 cm environ 3 cm d'isolation Gu",ita_Latn,fra_Latn,pdf_mining
La finestra non può essere aperta a 90°.,The window cannot be opened to 90 degrees.,ita_Latn,eng_Latn,pdf_mining
La finestra non può essere aperta a 90°.,La fenêtre ne peut être ouverte que de 90°. (La fenêtre ne peut être ouverte à 90 degrees. - Literally: The window cannot be opened to 90 degrees.),ita_Latn,fra_Latn,pdf_mining
La finestra non può essere aperta a 90°.,La ventana no puede abrirse a 90 grados.,ita_Latn,spa_Latn,pdf_mining
Una funzionalità duratura è quindi assicurata.,"""Therefore, a durable function is ensured.""",ita_Latn,eng_Latn,pdf_mining
Beck+Heun mette a disposizione una vasta gamma di accessori di alta qualità per i cassonetti.,Beck+Heun makes a wide range of high-quality accessories available for cabinets.,ita_Latn,eng_Latn,pdf_mining
Beck+Heun mette a disposizione una vasta gamma di accessori di alta qualità per i cassonetti.,Beck+Heun met offre une large gamme d'accessoires de haute qualité pour les cabinets.,ita_Latn,fra_Latn,pdf_mining
Beck+Heun mette a disposizione una vasta gamma di accessori di alta qualità per i cassonetti.,Beck+Heun ofre una amplia gama de accesorios de alta calidad para los estantes.,ita_Latn,spa_Latn,pdf_mining
"La cassaforma interna ed esterna può essere adattata, su richiesta, alla rispettiva situazione costruttiva.","The inner and outer casing can be adapted, upon request, to the respective construction situation.",ita_Latn,eng_Latn,pdf_mining
L’architrave può essere facilmente gettato al di sopra del cassonetto.,The architrave can easily be placed above the cabinet.,ita_Latn,eng_Latn,pdf_mining
"Si consiglia una applicazione dell’isolamento, da parte del committente, di almeno 4 cm al di sopra del cassonetto.",It is recommended that the client applies an insulation layer of at least 4 cm above the cabinet.,ita_Latn,eng_Latn,pdf_mining
"ROKA-THERM nella muratura monolitica ROKA-THERM nel sistema composito di isolamento termico ROKA-THERM-RG in muratura monolitica ROKA-THERM-RG nel sistema composito di isolamento termico 34 E 31 B 27 D C A ø F 34 F E B 27 D C A 80 ø G 8 Lo specialista per muratura di rivestimento e con cappotto termico ROKA-VARIO Quando si tratta di muratura di rivestimento (variante clinker) oppure di sistemi compositi di isolamento termico (variante a cappotto (WDVS) con pannello esterno di particelle da 10 mm legato con cemento), ROKA-VARIO è il prodotto adatto.","In monolithic masonry, ROKA-THERM in ROKA-THERM-RG thermal insulation systems; for cladding masonry or thermal insulation composite systems (WDVS variant with external particle board panels 10mm cement-bound), ROKA-VARIO is the suitable product.",ita_Latn,eng_Latn,pdf_mining
"ROKA-THERM nella muratura monolitica ROKA-THERM nel sistema composito di isolamento termico ROKA-THERM-RG in muratura monolitica ROKA-THERM-RG nel sistema composito di isolamento termico 34 E 31 B 27 D C A ø F 34 F E B 27 D C A 80 ø G 8 Lo specialista per muratura di rivestimento e con cappotto termico ROKA-VARIO Quando si tratta di muratura di rivestimento (variante clinker) oppure di sistemi compositi di isolamento termico (variante a cappotto (WDVS) con pannello esterno di particelle da 10 mm legato con cemento), ROKA-VARIO è il prodotto adatto.","Pour la maçonnerie monolithique, ROKA-THERM dans les systèmes ROKA-THERM-RG de isolation thermique ; pour la maçonnerie de revêtement ou les systèmes composites d'isolation thermique (variante WDVS avec panneaux extérieurs de particules de 10 mm liés au ciment), ROKA-VARIO est le produit adapté.",ita_Latn,fra_Latn,pdf_mining
"ROKA-THERM nella muratura monolitica ROKA-THERM nel sistema composito di isolamento termico ROKA-THERM-RG in muratura monolitica ROKA-THERM-RG nel sistema composito di isolamento termico 34 E 31 B 27 D C A ø F 34 F E B 27 D C A 80 ø G 8 Lo specialista per muratura di rivestimento e con cappotto termico ROKA-VARIO Quando si tratta di muratura di rivestimento (variante clinker) oppure di sistemi compositi di isolamento termico (variante a cappotto (WDVS) con pannello esterno di particelle da 10 mm legato con cemento), ROKA-VARIO è il prodotto adatto.","En mampostería monolítica, ROKA-THERM en los sistemas ROK",ita_Latn,spa_Latn,pdf_mining
"Il sistema ROKA-TWIN è assemblato in forma di blocco, con cassaforma schiumata a trave circolare oppure architrave e con copertura bordi integrata, pensata per le sue esigenze personali.","The ROKA-TWIN system is assembled in the form of a block, with a foam-filled circular frame or architrave, and an integrated edge covering, designed for its personal needs.",ita_Latn,eng_Latn,pdf_mining
"Il sistema ROKA-TWIN è assemblato in forma di blocco, con cassaforma schiumata a trave circolare oppure architrave e con copertura bordi integrata, pensata per le sue esigenze personali.","Le système ROKA-TWIN est assemblé dans la forme d'un bloc, avec une armature en polyuréthane circulaire ou architrave, et une couverture de bords intégrée, conçu pour répondre à ses besoins personnels.",ita_Latn,fra_Latn,pdf_mining
"Il sistema ROKA-TWIN è assemblato in forma di blocco, con cassaforma schiumata a trave circolare oppure architrave e con copertura bordi integrata, pensata per le sue esigenze personali.","El sistema ROKA-TWIN se ensambla en forma de bloque, con armadura de espuma de poliuretano circular o arquitrabes, y con una cubierta de bordes integrada, diseñado para satisfacer sus necesidades personales.",ita_Latn,spa_Latn,pdf_mining
"L’immagine mostra ROKA-THERM in muratura monolitica 7 ROKA-THERM-RG ROKA-THERM-RG 24 ROKA-THERM-RG 28 ROKA-THERM-RG 30 ROKA-THERM-RG 34,5 ROKA-THERM-RG 36,5 A Larghezza cassonetto (mm) 240 280 300 345 365 B Altezza cassonetto (mm) 250 250 / 300 250 / 300 250 / 300 250 / 300 C Spessore lato interno (mm) 33 41 41 52 72 D Larghezza cuneo isolante (mm) 100 132 152 186 186 E Altezza cuneo isolante (mm) 25 25 / 35 25 / 35 25 / 35 25 / 35 F Altezza libera (mm) 191 191 / 231 191 / 231 191 / 231 191 / 231 G Vano avvolgibile (mm) 180 190 / 210 190 / 230 190 / 230 190 / 230 ROKA-THERM-RG Standard: rifinitura PLATINUM® con inserimento lamiera profilata in acciaio ROKA-THERM Ispezione dall’interno ROKA-THERM-RG Chiuso su lato ambiente ROKA-THERM ROKA-THERM 24 ROKA-THERM 28 ROKA-THERM 30 ROKA-THERM 34,5 ROKA-THERM 36,5 A Larghezza cassonetto (mm) 240 280 300 345 365 B Altezza cassonetto (mm) 250 250 / 300 250 / 300 250 / 300 250 / 300 C Spessore lato interno (mm) 33 41 41 52 72 D Larghezza libera (mm) 180 212 232 266 266 E Altezza libera (mm) 185 185 / 235 185 / 235 185 / 235 185 / 235 F Vano avvolgibile (mm) 185 185 / 212 185 / 232 185 / 235 185 / 235 ROKA-THERM Gabbia da 3 mm in acciaio integrata ROKA-THERM-PLATINUM® Rifinitura PLATINUM® con inserimento lamiera profilata in acciaio Attenzione: tutte le misure sono approssimative e sono soggette a tolleranza; i materiali naturali e i prodotti in polistirolo presentano per questo un diverso grado di raffreddamento e indurimento.","The image shows ROKA-THERM in monolithic masonry with the following dimensions: 240mm, 280mm, 300mm, 345mm, 365mm for width (A), and 250mm, 250mm/300mm, 250mm/300mm, 250mm/300mm, 250mm/300mm, 250mm/300mm for height (B). The inner side thickness is 33mm, 41mm, 41mm, 52mm, 72mm (C). The insulating cone dimensions are 100mm, 132mm, 152mm, 186mm, 186mm for width (D), and 25",ita_Latn,eng_Latn,pdf_mining
"Montati o sfusi proponiamo motori di alta qualità, con funzionamento meccanico semplice, oppure telecomandato.","We propose motors of high quality, with simple mechanical operation, or remotely controlled.",ita_Latn,eng_Latn,pdf_mining
"Montati o sfusi proponiamo motori di alta qualità, con funzionamento meccanico semplice, oppure telecomandato.","Nous proposons des moteurs de haute qualité, fonctionnant de manière mécanique simple, ou à télécommande.",ita_Latn,fra_Latn,pdf_mining
"Montati o sfusi proponiamo motori di alta qualità, con funzionamento meccanico semplice, oppure telecomandato.","Proponemos motores de alta calidad, con funcionamiento mecánico sencillo, o control remoto.",ita_Latn,spa_Latn,pdf_mining
La struttura della facciata e la misura della muratura non hanno nessuna importanza.,"""The structure of the facade and the measurement of the masonry have no significance.""",ita_Latn,eng_Latn,pdf_mining
"Materiale EPS 250 – λ = 0,035 W/(mK) – B1 Qualità testata e controllata Cavità riempimento calcestruzzo laterale e inferiore all’ancoraggio architrave Spessore di isolamento dell’architrave esterno e inferiore 6 cm, interno 3 cm  Dimensione blocchi isolanti secondo il modello di muratura oppure singolarmente adattabile Profilo di raccordo telaio per il fissaggio del telaio della finestra Adatto a ogni tipo di muratura Se necessario, imbotte muratura staccato ROKA-TWIN ROKA-TWIN TIPO A con cassaforma a travi circolare, spessore inferiore, interno ed esterno 6 cm ROKA-TWIN TIPO B con copertura bordi, spessore esterno cassaforma 6 cm ROKA-TWIN TIPO C Elemento a blocco Motori Beck+Heun lavora solamente con produttori rinomati e di qualità.","""Material EPS 250 – λ = 0.035 W/(mK) – B1: Tested and certified material – Lateral and inferior filling with concrete up to the architrave anchorage – External and inferior insulation thickness of the architrave is 6 cm, and 3 cm for the interior – Size of insulating blocks according to the masonry model or individually adjustable – Profiling for frame fixing – Suitable for any type of masonry – If required, detachable ROKA-TWIN ROKA-TWIN TYPE A with circular formwork, 6 cm thickness for the interior and exterior – ROKA-TWIN TYPE B with border covering, 6 cm thickness for the exterior frame – ROKA-TWIN TYPE C: Motorized block element works only with renowned and high-quality producers.""",ita_Latn,eng_Latn,pdf_mining
"Materiale EPS 250 – λ = 0,035 W/(mK) – B1 Qualità testata e controllata Cavità riempimento calcestruzzo laterale e inferiore all’ancoraggio architrave Spessore di isolamento dell’architrave esterno e inferiore 6 cm, interno 3 cm  Dimensione blocchi isolanti secondo il modello di muratura oppure singolarmente adattabile Profilo di raccordo telaio per il fissaggio del telaio della finestra Adatto a ogni tipo di muratura Se necessario, imbotte muratura staccato ROKA-TWIN ROKA-TWIN TIPO A con cassaforma a travi circolare, spessore inferiore, interno ed esterno 6 cm ROKA-TWIN TIPO B con copertura bordi, spessore esterno cassaforma 6 cm ROKA-TWIN TIPO C Elemento a blocco Motori Beck+Heun lavora solamente con produttori rinomati e di qualità.","""Matériau EPS",ita_Latn,fra_Latn,pdf_mining
"Ciò può avvenire nella zona riservata agli elementi in materiale plastico con un rinforzo in acciaio nel profilo del cassonetto (variante A) oppure attraverso un ulteriore rinforzo esterno (variante B), dove il medesimo dovrebbe essere doppiamente tassellato nella zona laterale.","This can occur in the plastic element's compartment with a steel reinforcement in the container's profile (variant A) or through an additional external reinforcement (variant B), where it should be double-bolted in the lateral area.",ita_Latn,eng_Latn,pdf_mining
"Ciò può avvenire nella zona riservata agli elementi in materiale plastico con un rinforzo in acciaio nel profilo del cassonetto (variante A) oppure attraverso un ulteriore rinforzo esterno (variante B), dove il medesimo dovrebbe essere doppiamente tassellato nella zona laterale.","Cela peut se produire dans la zone réservée aux éléments en matériau plastique avec une renforcement en acier dans le profil du boîtier (variante A) ou en passant par une renforcement supplémentaire extérieur (variante B), où il devrait être doublé de vis dans la zone latérale.",ita_Latn,fra_Latn,pdf_mining
"Ciò può avvenire nella zona riservata agli elementi in materiale plastico con un rinforzo in acciaio nel profilo del cassonetto (variante A) oppure attraverso un ulteriore rinforzo esterno (variante B), dove il medesimo dovrebbe essere doppiamente tassellato nella zona laterale.","Esto puede ocurrir en la zona reservada para los elementos en material plástico con una refuerzo de acero en el perfil del contenedor (variante A) o a través de un refuerzo adicional externo (variante B),",ita_Latn,spa_Latn,pdf_mining
Cassonetti Beck+Heun sono muniti di gabbie robuste.,"""Beck+Heun Cassettes are equipped with robust cages.""",ita_Latn,eng_Latn,pdf_mining
È possibile ordinare ROKA-THERM con ispezione interna oppure chiuso su lato ambiente (RG) per un maggiore isolamento termico.,You can order ROKA-THERM with internal inspection or sealed on the environmental side (RG) for better thermal insulation.,ita_Latn,eng_Latn,pdf_mining
È possibile ordinare ROKA-THERM con ispezione interna oppure chiuso su lato ambiente (RG) per un maggiore isolamento termico.,Vous pouvez commander ROKA-THERM avec inspection intérieure ou scellé du côté environnemental (RG) pour une meilleure isolation thermique.,ita_Latn,fra_Latn,pdf_mining
È possibile ordinare ROKA-THERM con ispezione interna oppure chiuso su lato ambiente (RG) per un maggiore isolamento termico.,Puedes pedir ROKA-THERM con inspección interior o sellado en el lado ambiental (RG) para una mejor aislamiento termico.,ita_Latn,spa_Latn,pdf_mining
"Al di sopra della finestra, il cassonetto rivolto verso l’interno è completamente isolato e viene adattato alla struttura della parete corrispondente.","Above the window, the recessed box is completely insulated and is adapted to the structure of the corresponding wall.",ita_Latn,eng_Latn,pdf_mining
"Al di sopra della finestra, il cassonetto rivolto verso l’interno è completamente isolato e viene adattato alla struttura della parete corrispondente.","Au-dessus de la fenêtre, le boîtier incliné est totalement isolé et est adapté à la structure du mur correspondant.",ita_Latn,fra_Latn,pdf_mining
"Al di sopra della finestra, il cassonetto rivolto verso l’interno è completamente isolato e viene adattato alla struttura della parete corrispondente.","Por encima de la ventana, el armario receso está completamente aislado y se adapta a la estructura de la pared correspondiente.",ita_Latn,spa_Latn,pdf_mining
"Oscuramento eccezionale Gli avvolgibili offrono, oltre alla protezione dal sole, anche una ottimale protezione dal calore, poiché tra finestra e tapparella si crea una intercapedine d’aria fortemente isolante.","Exceptional Darkening, The Roll-down Blinds Offer, Besides Sun Protection, Also Optimal Insulation as an Air Pocket is Created Between the Window and the Shade.",ita_Latn,eng_Latn,pdf_mining
"Oscuramento eccezionale Gli avvolgibili offrono, oltre alla protezione dal sole, anche una ottimale protezione dal calore, poiché tra finestra e tapparella si crea una intercapedine d’aria fortemente isolante.","Obscurcment exceptionnel, les volets roulants offrent, outre la protection contre le soleil, une excellente isolation thermique car une poche d'air fortement isolante est créée entre la fenêtre et la voile.",ita_Latn,fra_Latn,pdf_mining
"Oscuramento eccezionale Gli avvolgibili offrono, oltre alla protezione dal sole, anche una ottimale protezione dal calore, poiché tra finestra e tapparella si crea una intercapedine d’aria fortemente isolante.","Oscurecimiento exceptional, las cortinas desplazables ofrecen, además de la protección del sol, una excelente aislamiento térmica, ya que se crea una capa de aire fuertemente aislante entre la ventana y la cortina.",ita_Latn,spa_Latn,pdf_mining
"I cassonetti per avvolgibili a construzione leggera ROKA di Beck+Heun integrabili alla facciata 2 Oltre alla protezione dal sole, dalla pioggia, dal rumore e dagli sguardi indiscreti di estranei, le avvolgibili devono soddisfare un grande numero di esigenze.","""Roka light-construction roll-up cassettes by Beck+Heun, integrable into the facade with a width of 2 units. Besides protection from the sun, rain, noise, and curious glances of strangers, the roll-up units must meet a great number of requirements.""",ita_Latn,eng_Latn,pdf_mining
"I cassonetti per avvolgibili a construzione leggera ROKA di Beck+Heun integrabili alla facciata 2 Oltre alla protezione dal sole, dalla pioggia, dal rumore e dagli sguardi indiscreti di estranei, le avvolgibili devono soddisfare un grande numero di esigenze.","""Les rideaux pliables Roka à construction légère de Beck+Heun intégrables dans la façade, largeurs de 2 unités. En plus de la protection du soleil, de la pluie, du bruit et des regards indiscrets des étrangers, les rideaux pliables doivent répondre à une grande variété de besoins.""",ita_Latn,fra_Latn,pdf_mining
"I cassonetti per avvolgibili a construzione leggera ROKA di Beck+Heun integrabili alla facciata 2 Oltre alla protezione dal sole, dalla pioggia, dal rumore e dagli sguardi indiscreti di estranei, le avvolgibili devono soddisfare un grande numero di esigenze.","""Cubiertos pliables Roka de Beck+Heun de construcción ligera, integrables en la fachada, anchos de 2 unidades. Además de la",ita_Latn,spa_Latn,pdf_mining
"Perfezione tecnica e sicurezza fisico-costruttiva Cassonetti per avvolgibili per il futuro 3 Dal sistema al giusto elemento GAMMA DEI PRODOTTI I vantaggi del sistema in breve Abbiamo pensato a tutto, dalla A alla Z Pagine 04 / 05 ROKA-THERM L’affidabile modello di base Pagine 06 / 07 ROKA-VARIO Lo specialista per muratura di rivestimento e con cappotto Pagine 08 / 09 ROKA-OUTSIDE Ideale per case passive e a basso consumo energetico Pagine 10 / 11 ROKA-H Il sistema intelligente con cassaforma integrata Pagine 12 / 13 ROKA-RUBO L’elemento ad arco rotondo eclettico ed elegante Pagine 14 –17 ROKA-TWIN L’elemento a costruzione leggera per cassonetti in aggetto Pagina 18 Accessori Tutto ciò di cui ha bisogno il cassonetto di un avvolgibile Pagina 19 Per muratura monolitica Per facciate con sistemi com- positi di isolamento termico Per muratura di rivestimento Ispezione da lato ambiente Chiuso su lato ambiente Struttura PLATINUM® Pagina ROKA-THERM X XX –  –  6 ROKA-THERM-RG X XX – –   6 ROKA-VARIO VO – – X  –  8 ROKA-VARIO-RG VO – – X –   8 ROKA-VARIO VW – X –  –  8 ROKA-VARIO-RG VW – X – –   8 ROKA-OUTSIDE – X – –   10 ROKA-H X XX –  –  12 ROKA-H-RG X XX – –   12 ROKA-RUBO EXKLUSIV X X X  – – 14 ROKA-RUBO EXKLUSIV-RG X X X –  – 14 ROKA-TWIN X X – –  – 18 PRODOTTO USO Fornitura standard – Non disponibile Disponibilità opzionale X Variante consigliata XX Possibile variante alternativa 4 Abbiamo pensato a tutto, dalla A alla Z I vantaggi del sistema in breve Il materiale Materiale a particolare risparmio energetico, lo Styropor® è estremamente ecosostenibile e quindi molto adatto alla costruzione dei cassonetti Beck+Heun.","""Perfect technical and physical safety for Cassonetti wrap-around systems for the future, from A to Z. Pages 4/5: ROKA-THERM - The reliable basic model. Pages 6/7: ROKA-VARIO - The specialist for insulated wall cladding. Pages 8/9: ROKA-OUTSIDE - Ideal for passive houses and low energy consumption. Pages 10/11: ROKA-H - The intelligent system with integrated casing. Pages 12/13: ROKA-RUBO - The elegant and versatile round arch element. Pages 14-17: ROKA-TWIN - The lightweight element for overhanging cabinets. Page 18: Accessories - Everything a wrap-around cabinet needs. For monolithic masonry, for facades with thermal ins",ita_Latn,eng_Latn,pdf_mining
Delle testate laterali nella zona di appoggio.,Of the side heads in the supporting zone.,ita_Latn,eng_Latn,pdf_mining
Per questo motivo si ha bisogno di cassonetti innovativi.,"For this reason, we need innovative containers.",ita_Latn,eng_Latn,pdf_mining
"*Altezza cassaforma interna + esterna variabile su richiesta; spessore cassaforma 35 mm, **per cassaforma maggiorata 50 mm all’esterno ROKA-H con cassaforma maggiorata (opzionale) ROKA-H-RG con cassaforma maggiorata (opzionale) 14 L’elemento ad arco rotondo eclettico ed elegante ROKA-RUBO Aspetto piacevole e sviluppo tecnico: questi sono gli elementi ad arco rotondo ROKA-RUBO di Beck+Heun.","Height of inner and outer casing is adjustable on request; casing thickness is 35 mm, for an enlarged casing ROKA-H with an optional enlarged casing ROKA-H-RG and an optional casing enlargement of 14 L. The round arch element ROKA-RUBO is both pleasing in appearance and technically advanced: these are the round arch elements ROKA-RUBO from Beck+Heun.",ita_Latn,eng_Latn,pdf_mining
"*Altezza cassaforma interna + esterna variabile su richiesta; spessore cassaforma 35 mm, **per cassaforma maggiorata 50 mm all’esterno ROKA-H con cassaforma maggiorata (opzionale) ROKA-H-RG con cassaforma maggiorata (opzionale) 14 L’elemento ad arco rotondo eclettico ed elegante ROKA-RUBO Aspetto piacevole e sviluppo tecnico: questi sono gli elementi ad arco rotondo ROKA-RUBO di Beck+Heun.","La hauteur de la coque intérieure et extérieure est réglable à la demande ; l'épaisseur de la coque est de 35 mm, pour une coque agrandie ROKA-H avec une coque agrandie ROKA-H-RG et une agrandissement de coque facultatif de 14 L. L'élément d'",ita_Latn,fra_Latn,pdf_mining
Le misure reali (vano avvolgibile ecc.) da verificare.,The real measurements (including those that can be wrapped up) to be verified.,ita_Latn,eng_Latn,pdf_mining
Stabilità L’elevata e duratura stabilità è la caratteristica che identifica i nostri cassonettii.,"""Our tank trailers are characterized by high and durable stability.""",ita_Latn,eng_Latn,pdf_mining
19 Beck+Heun offre un vasto pacchetto di accessori per cassonetti.,"""19 Beck+Heun offers a vast assortment of accessories for cabinets.""",ita_Latn,eng_Latn,pdf_mining
In modo è possibile integrare senza problemi anche la zanzariera.,"In this way, the mosquito net can be integrated without issues.",ita_Latn,eng_Latn,pdf_mining
"L’immagine mostra il ROKA-VARIO-clinker (VO) 9 ROKA-VARIO-RG Chiuso su lato ambiente ROKA-VARIO-RG-clinker (VO) ROKA-VARIO-RG-WDVS (VW) ROKA-VARIO-RG VO 24 VW 24 ROKA-VARIO-RG VO 28 VW 28 ROKA-VARIO-RG VO 30 VW 30 ROKA-VARIO-RG VO 34,5 VW 34,5 ROKA-VARIO-RG VO 36,5 VW 36,5 A Larghezza cassonetto (mm) 240 280 300 345 365 B Altezza cassonetto (mm) 250 250 / 300 250 / 300 250 / 300 250 / 300 C Spessore lato interno (mm) 55 55 55 75 75 D Larghezza cuneo isolante (mm) VO 105 VW 95 VO 145 VW 135 VO 165 VW 155 VO 190 VW 180 VO 210 VW 200 E Altezza cuneo isolante (mm) 25 25 / 35 25 / 35 25 / 35 25 / 35 F Altezza libera (mm) 190 191 / 231 191 / 231 191 / 231 191 / 231 G Vano avvolgibile (mm) VO 185 VW 175 VO 190 / 225 VW 190 / 215 VO 190 / 230 VW 190 / 230 VO 190 / 230 VW 190 / 230 VO 190 / 230 VW 190 / 230 ROKA-VARIO-RG Standard: rifinitura PLATINUM® con gabbia in acciaio a maglie fitte ROKA-VARIO-clinker (VO) ROKA-VARIO-WDVS (VW) ROKA-VARIO VO 24 VW 24 ROKA-VARIO VO 28 VW 28 ROKA-VARIO VO 30 VW 30 ROKA-VARIO VO 34,5 VW 34,5 ROKA-VARIO VO36,5 VW 36,5 A Larghezza cassonetto (mm) 240 280 300 345 365 B Altezza cassonetto (mm) 250 250 / 300 250 / 300 250 / 300 250 / 300 C Spessore lato interno (mm) 55 55 55 75 75 D Larghezza libera (mm) VO 185 VW 175 VO 225 VW 215 VO 245 VW235 VO 270 VW 260 VO 290 VW 280 E Altezza libera (mm) 185 185 / 235 185 / 235 185 / 235 185 / 235 F Vano avvolgibile (mm) VO 185 VW 175 VO 185 / 225 VW 185 / 215 VO 185 / 235 VW185 / 235 VO 185 / 235 VW 185 / 235 VO 185 / 235 VW 185 / 235 ROKA-VARIO Gabbia da 3 mm in acciaio integrata ROKA-VARIO-PLATINUM® Rifinitura PLATINUM® con inserimento lamiera profilata in acciaio ROKA-VARIO Ispezione dall’interno ROKA-VARIO-clinker (VO) su facciata in clinker ROKA-VARIO-WDVS (VW) in sistema composito di isolamento termico ROKA-VARIO-RG-clinker (VO) su facciata in clinker ROKA-VARIO-RG-WDVS ( VW) in sistema composito di isolamento termico 34 E 31 B 10* D C A ø F 34 F E B 10* D C A 80 ø G Attenzione: tutte le misure sono approssimative e sono soggette a tolleranza; i materiali naturali e i prodotti in polistirolo presentano per questo un diverso grado di raffreddamento e indurimento.",The image shows the ROKA-VARIO-clinker (VO) 9 ROKA-VARIO-RG with an environmental side ROKA-VARIO-RG-clinker (VO) ROKA-VARIO-RG-WDVS (VW) ROKA-VARIO-RG VO 24 VW 24 ROKA-VARIO-RG VO 28 VW 28 ROKA-VARIO-RG VO 30 VW 30 ROKA-VARIO-RG VO 34.5 VW 34.5 ROKA-VARIO-RG VO 36.5 VW 36.5.,ita_Latn,eng_Latn,pdf_mining
Dal mini profilo 37 fino al maxi profilo 52 in molti colori standard e numerose varianti.,From the mini profile 37 to the maxi profile 52 in many standard colors and numerous variations.,ita_Latn,eng_Latn,pdf_mining
Dal mini profilo 37 fino al maxi profilo 52 in molti colori standard e numerose varianti.,De la mini profilé 37 à la maxi profilé 52 dans beaucoup de couleurs standard et de nombreuses variantes.,ita_Latn,fra_Latn,pdf_mining
Dal mini profilo 37 fino al maxi profilo 52 in molti colori standard e numerose varianti.,Des perfiles mini de 37 a maxi de 52 en muchos colores estándar y numerosas variantes.,ita_Latn,spa_Latn,pdf_mining
Anche ROKA-VARIO è disponibile con ispezione interna o chiuso su lato ambiente (RG).,ROKA-VARIO is also available with internal inspection or sealed against the environment (RG).,ita_Latn,eng_Latn,pdf_mining
"Uno speciale software sviluppato da Beck+Heun calcola, data la larghezza della finestra, l’altezza dell’arco e la misura di montaggio della finestra, quale deve essere l’aspetto dell’arco, in modo che la finestra si apra a 90°.","A special software developed by Beck+Heun calculates, based on the window width, the height of the arch, and the mounting measurement of the window, what the arch shape should be, so that the window opens at 90 degrees.",ita_Latn,eng_Latn,pdf_mining
"Uno speciale software sviluppato da Beck+Heun calcola, data la larghezza della finestra, l’altezza dell’arco e la misura di montaggio della finestra, quale deve essere l’aspetto dell’arco, in modo che la finestra si apra a 90°.","Un logiciel spécial développé par Beck+Heun calcule, en fonction de la largeur de la fenêtre, de l'altitude de l'arc et de la mesure d'installation de la fenêtre, quelle doit être la forme de l'arc, de sorte que la fenêtre puisse s'ouvrir à 90°.",ita_Latn,fra_Latn,pdf_mining
"Uno speciale software sviluppato da Beck+Heun calcola, data la larghezza della finestra, l’altezza dell’arco e la misura di montaggio della finestra, quale deve essere l’aspetto dell’arco, in modo che la finestra si apra a 90°.","Un software especial desarrollado por Beck+Heun calcula, teniendo en cuenta el ancho de la ventana, la altura del arco y la medida de instalación de la ventana, cuál debe ser la forma del arco, de manera que la",ita_Latn,spa_Latn,pdf_mining
"Le molle di sicurezza facilitano il montaggio, con risparmio di tempo e denaro.","The shock absorbers facilitate mounting, saving time and money.",ita_Latn,eng_Latn,pdf_mining
"Le molle di sicurezza facilitano il montaggio, con risparmio di tempo e denaro.","Les amortisseurs facilitent la montage, économisant du temps et de l'argent.",ita_Latn,fra_Latn,pdf_mining
"Le molle di sicurezza facilitano il montaggio, con risparmio di tempo e denaro.","Los amortiguadores facilitan la montaje, ahorrando tiempo y dinero.",ita_Latn,spa_Latn,pdf_mining
"37 45 52 37 45 52 8 11,5 14 8,3 8,5 13,8 Accessori in generale Nel nostro pacchetto sono compresi i semplici fori di passaggio cinghia isolati nella classe 2 di impermeabilità all’aria e tutto quello di cui si ha bisogno per il funzionamento delle tapparelle inserite nei nostri elementi.","In general, our package includes simple passage holes for belts, classified as class 2 for air impermeability, and all that is required for the functioning of the valves inserted in our elements.",ita_Latn,eng_Latn,pdf_mining
"37 45 52 37 45 52 8 11,5 14 8,3 8,5 13,8 Accessori in generale Nel nostro pacchetto sono compresi i semplici fori di passaggio cinghia isolati nella classe 2 di impermeabilità all’aria e tutto quello di cui si ha bisogno per il funzionamento delle tapparelle inserite nei nostri elementi.","En ce qui concern les accessoires en général, notre paquet comprend des trous simples pour ceintures de classe 2 pour l'étancheité à l'air et tout ce qui est nécessaire au fonctionnement des vannes insérées dans nos éléments.",ita_Latn,fra_Latn,pdf_mining
"37 45 52 37 45 52 8 11,5 14 8,3 8,5 13,8 Accessori in generale Nel nostro pacchetto sono compresi i semplici fori di passaggio cinghia isolati nella classe 2 di impermeabilità all’aria e tutto quello di cui si ha bisogno per il funzionamento delle tapparelle inserite nei nostri elementi.","En lo que respecta a los accesorios en general, nuestro paquete incluye pasadas sencillas para cintas, clasificadas en la clase 2 para la impermeabilidad al aire, y todo lo que sea necesario para el funcionamiento de las tapas insertadas en nuestros elementos.",ita_Latn,spa_Latn,pdf_mining
Integrabile alla facciata L’integrazione invisibile dei cassonetti alla parete esterna la protegge dal degrado atmosferico e dallo sporco.,"""The integration of the cabinets into the facade makes them invisible, protecting them from atmospheric decay and dirt.""",ita_Latn,eng_Latn,pdf_mining
Integrabile alla facciata L’integrazione invisibile dei cassonetti alla parete esterna la protegge dal degrado atmosferico e dallo sporco.,"""L'intégration des boîtes dans la façade fait qu'elles demeurent invisibles, les protégeant de la dégradation atmosphérique et du sale.""",ita_Latn,fra_Latn,pdf_mining
Integrabile alla facciata L’integrazione invisibile dei cassonetti alla parete esterna la protegge dal degrado atmosferico e dallo sporco.,"""La integración de los arcones en la fachada los hace invisibles, protegiéndolos de la decadencia atmosférica y la suciedad.""",ita_Latn,spa_Latn,pdf_mining
www.beck-heun.de MADE IN GERMANY Innalzare la qualità della vita e proteggere risparmiando energia!,"""www.beck-heun.de - Improve the quality of life and save energy, Made in Germany!""",ita_Latn,eng_Latn,pdf_mining
Serve al fissaggio del traverso della finestra e può contribuire alla sua stabilità.,Contributes to the fixing of the transom of the window and helps in its stability.,ita_Latn,eng_Latn,pdf_mining
Serve al fissaggio del traverso della finestra e può contribuire alla sua stabilità.,Apporte à la fixation du traverse de la fenêtre et peut contribuer à sa stabilité.,ita_Latn,fra_Latn,pdf_mining
Serve al fissaggio del traverso della finestra e può contribuire alla sua stabilità.,Colabora en la fijación del traverso de la ventana y puede ayudar en su estabilidad.,ita_Latn,spa_Latn,pdf_mining
Beck+Heun garantisce quindi una apertura della finestra a 90°.,Beck+Heun ensures therefore a window opening of 90 degrees.,ita_Latn,eng_Latn,pdf_mining
"Oltre che per il perfetto isolamento termico, convince anche per il suo funzionamento stabile e la sua adattabilità a pareti di diverse strutture.","Besides its perfect thermal insulation, it is also convincing for its stable operation and its adaptability to various wall structures.",ita_Latn,eng_Latn,pdf_mining
"Oltre che per il perfetto isolamento termico, convince anche per il suo funzionamento stabile e la sua adattabilità a pareti di diverse strutture.","En plus de sa parfaite isolation thermique, elle est également convaincante en raison de sa fonctionnement stable et de sa capacité à s'adapter à des murs de structures diverses.",ita_Latn,fra_Latn,pdf_mining
"Oltre che per il perfetto isolamento termico, convince anche per il suo funzionamento stabile e la sua adattabilità a pareti di diverse strutture.","Además de su aislamiento termico perfecto, es también convincente por su funcionamiento estable y su adaptabilidad a paredes de diferentes estructuras.",ita_Latn,spa_Latn,pdf_mining
"Variante A Variante B 15 Apertura finestra garantita a 90° Nel caso di una progettazione inadeguata dei cassonetti per avvolgibili, al momento dell’apertura della finestra ad arco tondo o arco ribassato l’anta urta l’arco interno del celino sovrastante.","In the case of insufficient design of wrappable boxes, when opening a round or arched window, the sash hits the internal arch of the overlying celining.",ita_Latn,eng_Latn,pdf_mining
"Variante A Variante B 15 Apertura finestra garantita a 90° Nel caso di una progettazione inadeguata dei cassonetti per avvolgibili, al momento dell’apertura della finestra ad arco tondo o arco ribassato l’anta urta l’arco interno del celino sovrastante.","Dans le cas d'un dessin insuffisant des boîtes pliables, lors de l'ouverture d'une fenêtre en arc ou en demi-lune, la montre interne hebergeant l'arc intérieur du plafond supérieur est touchée.",ita_Latn,fra_Latn,pdf_mining
"Variante A Variante B 15 Apertura finestra garantita a 90° Nel caso di una progettazione inadeguata dei cassonetti per avvolgibili, al momento dell’apertura della finestra ad arco tondo o arco ribassato l’anta urta l’arco interno del celino sovrastante.","En el caso de un diseño insuficiente de cajas dobles, al abrir una ventana semicircular o arqueada, la silla interna choca contra el arco interior del techo superior.",ita_Latn,spa_Latn,pdf_mining
"Accessori di alta qualità Sia i guidacinghia, che abbattono fino al 95 % dei costi energetici e che corrispondono alla classe 2di tenuta luce, che le guide di scorri- mento sono disponibili in tutti i colori RAL che si desiderano.","""High-quality accessories: be it the guidance systems, which reduce energy costs by up to 95%, or the class 2 lighting guides, which are available in all desired RAL colors for roller guides.""",ita_Latn,eng_Latn,pdf_mining
"Accessori di alta qualità Sia i guidacinghia, che abbattono fino al 95 % dei costi energetici e che corrispondono alla classe 2di tenuta luce, che le guide di scorri- mento sono disponibili in tutti i colori RAL che si desiderano.","""Accessoires de haute qualité : soient les systèmes de guidage, réduisant les coûts énergétiques jusqu'à 95 %, ou les guides de éclairage de classe 2, qui sont disponibles dans tous les tons RAL désirés pour les guides de roulement.""",ita_Latn,fra_Latn,pdf_mining
"Accessori di alta qualità Sia i guidacinghia, che abbattono fino al 95 % dei costi energetici e che corrispondono alla classe 2di tenuta luce, che le guide di scorri- mento sono disponibili in tutti i colori RAL che si desiderano.","""Accesorios de alta calidad: sean los sistemas de guía, que reducen los costes energéticos hasta un 95 %, o las guías de iluminación de clase 2, que están disponibles en todos los colores RAL deseados para las guías de rodad",ita_Latn,spa_Latn,pdf_mining
"Misura 1 Arco tondo: Misura libera costruzione – 3 cm (larghezza) – 1,5 cm (altezza) = misura arco esterno arco ribassato: Misura libera costruzione – 1,5 cm (altezza) = misura arco esterno Misura 2 Misura libera costruzione = misura arco centrale Misura 3 Misura libera costruzione + 2 x taglio muratura = misura arco interno Misura 4 Misura libera costruzione + 2 x taglio muratura + 2 x 12,5 cm (imbotte muratura) = misura finita cassonetto Misura 1 (arco esterno) Misura 2 (arco centrale) Misura 3 (arco interno) Misura 4 (misura finita cassonetto) Misura 1 (arco esterno) Misura 2 (arco centrale) Misura 3 (misura finita cassonetto) TIPO 1 senza taglio muratura ROKA-RUBO EXKLUSIV TIPO 2 con taglio muratura 370 220 40 13 70 110 40 Muratura possibile a partire da 240 355 15 Altezza 2 Altezza 1 Altezza 3 370 355 15 220 40 13 70 5040 Muratura possibile a partire da 240 Altezza 2 Altezza 1 Altezza 3 ROKA-RUBO EXKLUSIV-RG Misura 1 Arco tondo: ½ misura libera costruzione – 1,5 cm (altezza) =altezza arco esterno Arco ribassato: altezza libera arco –1,5 cm (altezza) = altezza arco esterno Misura 2 Arco tondo: ½ misura libera costruzione = altezza arco centrale Arco ribassato: altezza libera arco = altezza arco centrale Misura 3 Tipo 1 senza taglio muratura: Altezza arco centrale + 12,0 cm variazione max.",Measurement 1 for an arch: Free construction measurement – 3 cm (width) – 1.5 cm (height) = measurement for the external arch of a recessed arch: Free construction measurement – 1.5 cm (height) = measurement for the external arch. Measurement 2: Free construction measurement = measurement for the central arch. Measurement 3: Free construction measurement + 2 x masonry cuts = measurement for the inner arch. Measurement 4: Free construction measurement + 2 x masonry cuts + 2 x 12.5 cm (masonry inserts) = finished measurement for the cassette. Measurement 1 (external arch) Measurement 2 (central arch) Measurement 3 (inner arch) Measurement 4 (finished measurement for the cassette). Measurement 1 (external arch) Measurement 2,ita_Latn,eng_Latn,pdf_mining
"Per questo teniamo molto alla qualità, alla funzionalità e al servizio.","For this we hold quality, functionality, and service in high regard.",ita_Latn,eng_Latn,pdf_mining
"Per questo teniamo molto alla qualità, alla funzionalità e al servizio.","Pour cela, nous tenons très en considération la qualité, la fonctionnalité et le service.",ita_Latn,fra_Latn,pdf_mining
"Per questo teniamo molto alla qualità, alla funzionalità e al servizio.","Para esto, tenemos mucho en cuenta la calidad, la funcionalidad y el servicio.",ita_Latn,spa_Latn,pdf_mining
"ROKA-OUTSIDE non possiede al suo interno alcun punto debole, poiché il vano avvolgibile è disposto completamente fuori dalla finestra.","The ROKA-OUTSIDE does not have any weak points inside, because the wrap-around chamber is completely outside the window.",ita_Latn,eng_Latn,pdf_mining
"ROKA-OUTSIDE non possiede al suo interno alcun punto debole, poiché il vano avvolgibile è disposto completamente fuori dalla finestra.","Le ROKA-OUTSIDE n'a pas de point faible intérieur, car la chambre enroulable est entièrement placée à l'extérieur de la fenêtre.",ita_Latn,fra_Latn,pdf_mining
"ROKA-OUTSIDE non possiede al suo interno alcun punto debole, poiché il vano avvolgibile è disposto completamente fuori dalla finestra.","El ROKA-OUTSIDE no tiene puntos débiles dentro, porque la cámara envolvente está completamente fuera de la ventana.",ita_Latn,spa_Latn,pdf_mining
"larghezza coperchio ispezione 175 mm Possibili tutte le misure a partire da 300 mm Listello di fissaggio alla finestra 12,5 cm Appoggio x 12,5 cm Appoggio .",Lid width for inspection is 175 mm. All sizes are possible starting from 300 mm. Window sill width is 12.5 cm. Sill height is 12.5 cm. Sill.,ita_Latn,eng_Latn,pdf_mining
"larghezza coperchio ispezione 175 mm Possibili tutte le misure a partire da 300 mm Listello di fissaggio alla finestra 12,5 cm Appoggio x 12,5 cm Appoggio .","La largeur du couvercle d'inspection est de 175 mm. Toutes les tailles sont possibles à partir de 300 mm. La largeur du linteau d'installation dans la fenêtre est de 12,5 cm. La hauteur du linteau est de 12,5 cm. Linteau.",ita_Latn,fra_Latn,pdf_mining
"larghezza coperchio ispezione 175 mm Possibili tutte le misure a partire da 300 mm Listello di fissaggio alla finestra 12,5 cm Appoggio x 12,5 cm Appoggio .","Ancho de tapa de inspección es de 175 mm. Todas las medidas son posibles a partir de 300 mm. Ancho del zócalo en la ventana es de 12,5 cm. Altura del zócal",ita_Latn,spa_Latn,pdf_mining
