Produttore,Paese,Categoria,Titolo Documento,Link Download
Semperit,AT,Guarnizioni EPDM,EPDM Gaskets for Timber Windows,https://profiles.semperitgroup.com/fileadmin/user_upload/MediaLibrary/Sealings/Products/RubberSheeting/PDFs/Holzfensterdichtungbroschuere_EN_web.pdf
Semperit,AT,Guarnizioni EPDM,Co-extruded EPDM Gaskets High Thermal Insulation,https://profiles.semperitgroup.com/fileadmin/user_upload/MediaLibrary/Sealings/Products/RubberSheeting/PDFs/1_SEMP_2012-5491-0087_DTB_2012_EN_01_Coex.pdf
Semperit,AT,Antifuoco,Gaskets for Standardised Safety (Fire Protection),https://profiles.semperitgroup.com/fileadmin/user_upload/MediaLibrary/Sealings/Products/RubberSheeting/PDFs/3_SEMP_2012-5491-0087_DTB_2012_EN_03_Brands.pdf
Semperit,AT,Guarnizioni Scorrevoli,Hybrid Ace Low Friction Gasket,https://profiles.semperitgroup.com/fileadmin/user_upload/MediaLibrary/Sealings/PDF/Hybird_Ace_flyer_EN.pdf
Semperit,AT,Generale,EPDM Rubber Gaskets Flyer,https://profiles.semperitgroup.com/fileadmin/user_upload/MediaLibrary/Sealings/Products/RubberSheeting/PDFs/EPDM-Flyer_new_2016_01.pdf
Schlegel,UK/DE,Guarnizioni Schiuma,Q-LON Timber Windows Brochure,https://site-1248247.mozfiles.com/files/1248247/Q-LON-3034_Timber-engl.pdf
Schlegel,UK/IT,Guarnizioni Alluminio,Q-LON Overlap and EPDM for Aluminium,https://www.scribd.com/document/906914616/U0856000-Schlegel-Epdm-Qlon-Aluminium-Brochure-2019-en-Lr-2
Beck+Heun,DE,Cassonetti Incasso,ROKA-THERM XP Technical Brochure,https://www.beck-heun.de/wp-content/uploads/ROKA-THERM-XP-EN-2023-03.pdf
Beck+Heun,DE,Cassonetti Sopra,ROKA-TOP 2 Technical Brochure,https://www.beck-heun.de/wp-content/uploads/AUFSATZKASTEN-EN-2023-07.pdf
Beck+Heun,DE,Generale,Catalogo Generale Cassonetti (Distributore IT),https://www.audagna.it/images/pdf/B+H_Cassonetti-Roka.pdf
Primo,DK,Guarnizioni,Gasket Catalogue (English/German),https://www.primo.com/media/mwldn3ib/gasket-catalogue-english-german.pdf
Primo,DK,Profili Finestra,Window and Door Profiles Brochure,https://www.primo.com/media/xvcfpgz5/window-and-door-profiles-brochure-english.pdf
GfA Dichtungen,DE,Guarnizioni,Portfolio Brochure,https://www.gfa-dichtungen.de/assets/pdf/portfolio.pdf
Heroal,DE,Avvolgibili,Roller Shutter Systems Technical Brochure,https://www.heroal.de/website/PDF/technical-brochures/heroal-Rollladensysteme/Roller-shutter-systems-brochure.pdf
Heroal,DE,Prefabbricati,Heroal Ready Prefabricated Elements,https://www.heroal.de/website/PDF/technical-brochures/heroal_ready_3/heroal-Ready-Brochure.pdf
Heroal,DE,Avvolgibili,Partner Brochure Roller Shutters,https://www.heroal.de/website/PDF/partnerbroschueren/partnerbroschuere_heroal_rollladen.pdf
Heroal,DE,Porte Avvolgibili,Roller Door Systems Brochure,https://www.heroal.de/website/PDF/brochure-tecniche/heroal_rolltorsysteme/heroal-roller-door-systems.pdf
HELLA,AT,Frangisole,Daylight Control S-Shaped Slat,https://www.hella.info/media/9010/download/75000001_EN.pdf?v=4
HELLA,AT,Sistemi Vetro,Soleya Glass Roof Shading,https://www.hella.info/media/9012/download/75480040_EN.pdf?v=2
HELLA,AT,Colori,Colors and Powder Coating Range,https://www.hella.info/media/1016/download/75900018_EN.pdf?v=3
Kömmerling,DE,Profili PVC,Kömmerling 88 Centre Seal Main Brochure,https://www.koemmerling.com/cms16/files/Koemmerling-88-centre-seal-main-brochure-2421130370-0825-web.pdf?download=1
Kömmerling,DE,Profili PVC,Kömmerling 76 Double Seal Main Brochure,https://www.koemmerling.com/cms16/files/Koemmerling-76-double-seal-main-brochure-2421130150-0285-web.pdf?download=1
Kömmerling,DE,Lastre/Profili,Sheets and Building Profiles Brochure,https://www.koemmerling.com/cms16/files/Koemmerling-Sheets-and-building-profiles-brochure-2421170050-1025-web.pdf?download=1
Kömmerling,DE,Lastre Espanso,KömaCel PVC-U Integral Skin-Foam Sheet,https://www.koemmerling.com/cms16/files/Koemmerling-KoemaCel-brochure-2421170053-1025-web.pdf?download=1
Kömmerling,DE,Sistemi Porta,Kömmerling 76 Door System AluClip Plus,https://www.koemmerling.com/cms16/files/Koemmerling-76-door-system-AluClip-Plus-brochure-2421130006-0825-web.pdf?download=1
Deceuninck,BE/UK,Specifiche,Specification Guide 2018 (UK),https://www.kjmgroup.co.uk/files/downloads/deceuninck-specification-guide-2018.pdf
Deceuninck,BE/US,Finestre,279 Series Window System (USA),https://www.deceuninckna.com/wp-content/uploads/DEC23-03_279-Series-Brochure_Digital-1.pdf
Deceuninck,BE,Catalogo,General Catalogue (Export),https://climate-eg.com/wp-content/uploads/2021/07/Deceuninck-new-catalogue-1.pdf
Rehau,DE,Serrande,RAUVOLET Brilliant-Line Roller Shutters,https://www.rehau.com/downloads/893332/high-gloss-rauvolet-brilliant-line-roller-shutters.pdf
Alulux,DE,Avvolgibili,Rolling Shutters Brochure 2022 (Distributore),https://www.hawkeyewindows.com/wp-content/uploads/2022/03/Hawkeye-Rolling-Shutters-Brochure-2022.pdf
Exte,DE,Cassonetti,Roller Shutters Catalogue (Distributore Fenbro),https://fenbro.com/wp-content/uploads/2022/12/Roller-shutters-EkoOkna-catalogue.pdf
Exte,DE,Cassonetti,Roller Shutters Catalogue (Distributore Dovgil),https://dovgilzaluzi.lv/catalogues/roller-shuterters.pdf
Heroal/Exte,DE,Tessile,Textile Assembly Box Exte Flyer,https://www.heroal.de/website/PDF/technical-brochures/sonnenschutz_2/heroal-VS-Z-Textile-Assembly-box-Exte-Flyer.pdf
